{
  "project_info": {
    "project_number": "75084039383",
    "project_id": "louiz-d4ff1",
    "storage_bucket": "louiz-d4ff1.firebasestorage.app"
  },
  "client": [
    {
      "client_info": {
        "mobilesdk_app_id": "1:75084039383:android:b9e75803fd21a0a0369c92",
        "android_client_info": {
          "package_name": "com.example.louiz"
        }
      },
      "oauth_client": [],
      "api_key": [
        {
          "current_key": "AIzaSyANvqYPEs4lUn_3OWx_g-pBohCyRZzYRRA"
        }
      ],
      "services": {
        "appinvite_service": {
          "other_platform_oauth_client": []
        }
      }
    }
  ],
  "configuration_version": "1"
}